29250645.7143,FEMALE,31.99,SINGLE,NO_DATA,0.94,NO_DATA,NO_DATA,E,N,N,-0.01,BUSINESS,N,N,N,N,N
13089217.1429,MALE,31.99,SINGLE,NO_DATA,0.96,NO_DATA,NO_DATA,E,N,N,-0.01,BUSINESS,N,N,N,N,N
59102202.8571,MALE,26.99,SINGLE,NO_DATA,1.49,NO_DATA,NO_DATA,E,N,N,-0.01,BUSINESS,N,N,N,N,N
70239945.7143,NO_DATA,\N,NO_DATA,NO_DATA,\N,NO_DATA,NO_DATA,E,N,N,-0.02,BUSINESS,N,N,N,N,N
13296760,FEMALE,37.98,SINGLE,NO_DATA,1.86,NO_DATA,NO_DATA,E,N,N,-0.02,BUSINESS,N,N,N,N,N
7514360,FEMALE,30.98,MARRIED,NO_DATA,1.19,NO_DATA,DIGITAL,E,N,N,-0.02,BUSINESS,N,N,N,N,N
76507060,FEMALE,29.98,SINGLE,NO_DATA,1.23,NO_DATA,DIGITAL,E,N,N,-0.02,BUSINESS,N,N,N,N,N
54282331.4286,FEMALE,34.98,SINGLE,NO_DATA,1.89,REGION IV-A (CALABARZON),NO_DATA,E,N,N,-0.02,BUSINESS,N,N,N,N,N
48463360,FEMALE,19.98,MARRIED,NO_DATA,1,NO_DATA,DIGITAL,E,N,N,-0.02,BUSINESS,N,N,N,N,N
89734631.4286,FEMALE,44.67,SINGLE,NO_DATA,1.31,REGION IV-A (CALABARZON),TRADITIONAL,E,N,N,-0.03,BUSINESS,N,N,N,N,N
58225217.1429,MALE,34.64,SINGLE,NO_DATA,0.44,NO_DATA,NO_DATA,E,N,N,-0.03,BUSINESS,N,N,N,N,N
40581060,FEMALE,61.97,MARRIED,NO_DATA,1.33,NO_DATA,DIGITAL,E,N,N,-0.03,BUSINESS,N,N,N,Y,N
132358760,MALE,48.96,SINGLE,NO_DATA,2.57,NO_DATA,NO_DATA,E,N,N,-0.04,BUSINESS,N,N,N,N,N
53633502.8571,FEMALE,40.96,MARRIED,NO_DATA,0.92,NO_DATA,NO_DATA,E,N,N,-0.04,BUSINESS,N,N,N,N,N
125897774.2857,FEMALE,37.96,SINGLE,NO_DATA,1.47,NO_DATA,NO_DATA,E,N,N,-0.04,BUSINESS,N,N,N,N,N
115723088.5714,FEMALE,39.95,MARRIED,NO_DATA,0.46,NO_DATA,NO_DATA,E,N,N,-0.05,BUSINESS,N,N,N,N,N
51634631.4286,MALE,39.95,MARRIED,NO_DATA,1.6,NO_DATA,NO_DATA,E,N,N,-0.05,BUSINESS,N,N,N,N,N
130403517.1429,MALE,23.95,SINGLE,NO_DATA,0.3,NO_DATA,NO_DATA,E,N,N,-0.05,BUSINESS,N,N,N,N,N
16477902.8571,FEMALE,28.94,SINGLE,NO_DATA,2,NO_DATA,NO_DATA,E,N,N,-0.06,BUSINESS,N,N,N,N,N
96102045.7143,FEMALE,50.94,SINGLE,NO_DATA,2.14,NO_DATA,NO_DATA,E,N,N,-0.06,BUSINESS,N,N,N,N,N
19982345.7143,MALE,40.94,SINGLE,NO_DATA,1.35,NO_DATA,DIGITAL,E,N,N,-0.06,BUSINESS,N,N,N,N,N
40285345.7143,MALE,28.94,SINGLE,NO_DATA,1.28,NO_DATA,DIGITAL,E,N,N,-0.06,BUSINESS,N,N,N,N,N
93468074.2857,MALE,29.94,SINGLE,NO_DATA,0.74,NO_DATA,NO_DATA,E,N,N,-0.06,BUSINESS,N,N,N,N,N
70180931.4286,FEMALE,31.94,SINGLE,NO_DATA,0.75,NO_DATA,NO_DATA,E,N,N,-0.06,BUSINESS,N,N,N,N,N
45397774.2857,MALE,38.93,MARRIED,NO_DATA,1.44,NO_DATA,NO_DATA,E,N,N,-0.07,BUSINESS,N,N,N,N,N
19363917.1429,FEMALE,34.92,SINGLE,NO_DATA,1.29,NO_DATA,DIGITAL,E,N,N,-0.08,BUSINESS,N,N,N,N,N
57576502.8571,MALE,23.92,SINGLE,NO_DATA,0.82,NO_DATA,NO_DATA,E,N,N,-0.08,BUSINESS,N,N,N,N,N
136551631.4286,MALE,45.92,MARRIED,NO_DATA,1.61,NO_DATA,NO_DATA,E,N,N,-0.08,BUSINESS,N,N,N,N,N
137254360,MALE,25.91,SINGLE,NO_DATA,1.07,REGION IV-A (CALABARZON),TRADITIONAL,E,N,N,-0.09,BUSINESS,N,N,N,N,N
140003631.4286,MALE,35.91,SINGLE,NO_DATA,1.41,NO_DATA,NO_DATA,E,N,N,-0.09,BUSINESS,N,N,N,N,N
104809060,FEMALE,25.91,SINGLE,NO_DATA,1.49,NO_DATA,NO_DATA,E,N,N,-0.09,BUSINESS,N,N,N,N,N
107709360,MALE,29.9,SINGLE,NO_DATA,0.77,NO_DATA,NO_DATA,E,N,N,-0.1,BUSINESS,N,N,N,N,N
132265931.4286,MALE,41.9,SINGLE,NO_DATA,1.01,NO_DATA,DIGITAL,E,N,N,-0.1,BUSINESS,N,N,N,N,N
103216217.1429,FEMALE,41.85,SINGLE,NO_DATA,0.88,NATIONAL CAPITAL REGION,TRADITIONAL,E,N,N,-0.11,BUSINESS,N,N,N,N,N
49886645.7143,MALE,34.89,MARRIED,NO_DATA,0.74,NO_DATA,NO_DATA,E,N,N,-0.11,BUSINESS,N,N,N,N,N
82615588.5714,FEMALE,41.89,SINGLE,NO_DATA,4.32,REGION V (BICOL REGION),NO_DATA,E,N,N,-0.11,BUSINESS,N,N,N,N,N
46413788.5714,MALE,39.88,SINGLE,NO_DATA,0.66,NO_DATA,NO_DATA,E,N,N,-0.12,BUSINESS,N,N,N,N,N
45002617.1429,FEMALE,27.88,SINGLE,NO_DATA,1.74,NO_DATA,NO_DATA,E,N,N,-0.12,BUSINESS,N,N,N,N,N
23124045.7143,FEMALE,28.88,MARRIED,NO_DATA,1.72,NO_DATA,DIGITAL,E,N,N,-0.12,BUSINESS,N,N,N,N,N
70506902.8571,FEMALE,41.88,SINGLE,NO_DATA,1.74,NO_DATA,NO_DATA,E,N,N,-0.12,BUSINESS,N,N,N,N,N
131946331.4286,MALE,53.88,MARRIED,NO_DATA,2.07,NO_DATA,NO_DATA,E,N,N,-0.12,BUSINESS,N,N,N,N,N
102036217.1429,FEMALE,57.87,MARRIED,NO_DATA,0.88,NO_DATA,NO_DATA,E,N,N,-0.13,BUSINESS,N,N,N,N,N
94993488.5714,MALE,48.87,MARRIED,NO_DATA,1.39,NO_DATA,NO_DATA,E,N,N,-0.13,BUSINESS,N,N,N,N,N
101996617.1429,FEMALE,58.85,MARRIED,NO_DATA,1.77,NO_DATA,NO_DATA,E,N,N,-0.15,BUSINESS,N,N,N,N,N
140458188.5714,MALE,30.85,SINGLE,NO_DATA,1.75,NO_DATA,NO_DATA,E,N,N,-0.15,BUSINESS,N,N,N,N,N
122131345.7143,FEMALE,35.85,SINGLE,NO_DATA,1.12,NO_DATA,DIGITAL,E,N,N,-0.15,BUSINESS,N,N,N,N,N
52601502.8571,FEMALE,25.85,SINGLE,NO_DATA,1.05,NO_DATA,DIGITAL,E,N,N,-0.15,BUSINESS,N,N,N,N,N
10246488.5714,FEMALE,28.84,SINGLE,NO_DATA,1.33,NO_DATA,NO_DATA,E,N,N,-0.16,BUSINESS,N,N,N,N,N
141474645.7143,MALE,35.84,SINGLE,NO_DATA,0.92,NO_DATA,NO_DATA,E,N,N,-0.16,BUSINESS,N,N,N,N,N
32277502.8571,FEMALE,26.84,SINGLE,NO_DATA,0.91,NO_DATA,DIGITAL,E,N,N,-0.16,BUSINESS,N,N,N,N,N
85768331.4286,MALE,34.83,MARRIED,NO_DATA,1.68,NO_DATA,NO_DATA,E,N,N,-0.17,BUSINESS,N,N,N,N,N
102824060,FEMALE,30.83,SINGLE,NO_DATA,1.13,NO_DATA,DIGITAL,E,N,N,-0.17,BUSINESS,N,N,N,N,N
47104917.1429,FEMALE,40.82,MARRIED,NO_DATA,1.36,NO_DATA,NO_DATA,E,N,N,-0.18,BUSINESS,N,N,N,N,N
128500474.2857,FEMALE,29.82,SINGLE,NO_DATA,2.17,NO_DATA,DIGITAL,E,N,N,-0.18,BUSINESS,N,N,N,N,N
6118345.7143,FEMALE,21.82,SINGLE,NO_DATA,1.15,NO_DATA,DIGITAL,E,N,N,-0.18,BUSINESS,N,N,N,N,N
130837345.7143,FEMALE,40.81,SINGLE,NO_DATA,1.49,NO_DATA,DIGITAL,E,N,N,-0.19,BUSINESS,N,N,N,N,N
107305188.5714,FEMALE,35.81,MARRIED,NO_DATA,1.78,NO_DATA,DIGITAL,E,N,N,-0.19,BUSINESS,N,N,N,N,N
105873788.5714,MALE,27.81,SINGLE,NO_DATA,0.65,NO_DATA,NO_DATA,E,N,N,-0.19,BUSINESS,N,N,N,N,N
127680502.8571,MALE,30.8,SINGLE,NO_DATA,0.81,NO_DATA,NO_DATA,E,N,N,-0.2,BUSINESS,N,N,N,N,N
14062060,MALE,32.79,SINGLE,NO_DATA,1.33,NO_DATA,DIGITAL,E,N,N,-0.21,BUSINESS,N,N,N,N,N
21890602.8571,FEMALE,41.76,MARRIED,NO_DATA,3.45,REGION IV-A (CALABARZON),NO_DATA,E,N,N,-0.24,BUSINESS,N,N,N,N,N
105093488.5714,MALE,32.76,SINGLE,NO_DATA,1.29,NO_DATA,DIGITAL,E,N,N,-0.24,BUSINESS,N,N,N,N,N
52204374.2857,MALE,39.76,MARRIED,NO_DATA,0.35,NO_DATA,NO_DATA,E,N,N,-0.24,BUSINESS,N,N,N,N,N
34853231.4286,FEMALE,26.75,SINGLE,NO_DATA,0.2,NO_DATA,NO_DATA,E,N,N,-0.25,BUSINESS,N,N,N,N,N
92876331.4286,FEMALE,31.75,MARRIED,NO_DATA,1.93,NO_DATA,NO_DATA,E,N,N,-0.25,BUSINESS,N,N,N,N,N
61857617.1429,FEMALE,32.75,MARRIED,NO_DATA,2.1,REGION IV-A (CALABARZON),DIGITAL,E,N,N,-0.25,BUSINESS,N,N,N,N,N
27116760,MALE,38.74,MARRIED,NO_DATA,1.63,NO_DATA,DIGITAL,E,N,N,-0.26,BUSINESS,N,N,N,N,N
106416088.5714,MALE,32.74,MARRIED,NO_DATA,0.23,NO_DATA,NO_DATA,E,N,N,-0.26,BUSINESS,N,N,N,N,N
97050231.4286,FEMALE,50.74,MARRIED,NO_DATA,0.26,NO_DATA,NO_DATA,E,N,N,-0.26,BUSINESS,N,N,N,N,N
117226202.8571,FEMALE,39.74,SINGLE,NO_DATA,1.31,NO_DATA,NO_DATA,E,N,N,-0.26,BUSINESS,N,N,N,N,N
50104788.5714,FEMALE,37.73,SINGLE,NO_DATA,0.75,NO_DATA,NO_DATA,E,N,N,-0.27,BUSINESS,N,N,N,N,N
107805917.1429,MALE,37.73,MARRIED,NO_DATA,1.43,NO_DATA,NO_DATA,E,N,N,-0.27,BUSINESS,N,N,N,N,N
127098802.8571,FEMALE,38.72,MARRIED,NO_DATA,0.22,NO_DATA,NO_DATA,E,N,N,-0.28,BUSINESS,N,N,N,N,N
116615631.4286,FEMALE,28.72,SINGLE,NO_DATA,1,REGION XI (DAVAO REGION),TRADITIONAL,E,N,N,-0.28,BUSINESS,N,N,N,N,N
131457802.8571,FEMALE,21.72,SINGLE,NO_DATA,0.1,NO_DATA,NO_DATA,E,N,N,-0.28,BUSINESS,N,N,N,N,N
25217945.7143,FEMALE,40.72,MARRIED,NO_DATA,0.03,NO_DATA,NO_DATA,E,N,N,-0.28,BUSINESS,N,N,N,N,N
24856760,MALE,37.72,MARRIED,NO_DATA,1.6,NO_DATA,NO_DATA,E,N,N,-0.28,BUSINESS,N,N,N,N,N
431217.1429,FEMALE,32.72,SINGLE,NO_DATA,0.43,NO_DATA,NO_DATA,E,N,N,-0.28,BUSINESS,N,N,N,N,N
31522502.8571,FEMALE,23.69,SINGLE,NO_DATA,0.44,NO_DATA,NO_DATA,E,N,N,-0.31,BUSINESS,N,N,N,N,N
83946345.7143,MALE,48.69,MARRIED,NO_DATA,1.24,NATIONAL CAPITAL REGION,NO_DATA,E,N,N,-0.31,BUSINESS,N,N,N,N,N
45493631.4286,MALE,26.68,SINGLE,NO_DATA,1.16,NO_DATA,NO_DATA,E,N,N,-0.32,BUSINESS,N,N,N,N,N
55189788.5714,FEMALE,45.68,SINGLE,NO_DATA,0.39,NO_DATA,NO_DATA,E,N,N,-0.32,BUSINESS,N,N,N,N,N
29516345.7143,MALE,57.68,WIDOW(ER),NO_DATA,1.23,NO_DATA,NO_DATA,E,N,N,-0.32,BUSINESS,N,N,N,N,N
21750660,FEMALE,32.68,SINGLE,NO_DATA,0.01,NO_DATA,NO_DATA,E,N,N,-0.32,BUSINESS,N,N,N,N,N
78554774.2857,FEMALE,36.67,SINGLE,NO_DATA,1.24,NO_DATA,NO_DATA,E,N,N,-0.33,BUSINESS,N,N,N,N,N
90943660,FEMALE,46.67,SINGLE,NO_DATA,-0.02,NO_DATA,NO_DATA,E,N,N,-0.33,BUSINESS,N,N,N,N,N
75907360,MALE,26.67,SINGLE,NO_DATA,0.79,NO_DATA,NO_DATA,E,N,N,-0.33,BUSINESS,N,N,N,N,N
137757517.1429,MALE,31.67,SINGLE,NO_DATA,0.17,NO_DATA,NO_DATA,E,N,N,-0.33,BUSINESS,N,N,N,N,N
13649074.2857,FEMALE,45.66,SINGLE,NO_DATA,0.67,NO_DATA,NO_DATA,E,N,N,-0.34,BUSINESS,N,N,N,N,N
134774660,FEMALE,34.66,SINGLE,NO_DATA,0.14,NO_DATA,NO_DATA,E,N,N,-0.34,BUSINESS,N,N,N,N,N
83061517.1429,FEMALE,28.74,MARRIED,NO_DATA,-0.67,NO_DATA,DIGITAL,E,N,N,-0.34,BUSINESS,N,N,N,N,N
54545902.8571,FEMALE,30.64,MARRIED,NO_DATA,2.24,NO_DATA,NO_DATA,E,N,N,-0.36,BUSINESS,N,N,N,N,N
103801517.1429,FEMALE,30.64,SINGLE,NO_DATA,0.24,NO_DATA,NO_DATA,E,N,N,-0.36,BUSINESS,N,N,N,N,N
1639488.5714,FEMALE,27.63,SINGLE,NO_DATA,1.04,NO_DATA,NO_DATA,E,N,N,-0.37,BUSINESS,N,N,N,N,N
117752331.4286,FEMALE,40.63,MARRIED,NO_DATA,1.56,NO_DATA,NO_DATA,E,N,N,-0.37,BUSINESS,N,N,N,N,N
17125645.7143,MALE,47.8,SINGLE,NO_DATA,-0.58,NO_DATA,NO_DATA,E,N,N,-0.37,BUSINESS,N,N,N,N,N
110453045.7143,FEMALE,35.63,SINGLE,NO_DATA,2.15,NO_DATA,NO_DATA,E,N,N,-0.37,BUSINESS,N,N,N,N,N
45783517.1429,MALE,22.63,SINGLE,NO_DATA,-0.05,NO_DATA,NO_DATA,E,N,N,-0.37,BUSINESS,N,N,N,N,N
34984602.8571,FEMALE,32.63,MARRIED,MID,3.68,NO_DATA,NO_DATA,B1,N,N,-0.37,BUSINESS,N,N,N,N,N
93675317.1429,MALE,42.62,MARRIED,NO_DATA,2.81,NATIONAL CAPITAL REGION,NO_DATA,E,N,N,-0.38,BUSINESS,N,N,N,N,N
131509788.5714,FEMALE,29.62,SINGLE,NO_DATA,0.3,NO_DATA,NO_DATA,E,N,N,-0.38,BUSINESS,N,N,N,N,N
33545074.2857,FEMALE,39.61,MARRIED,NO_DATA,0.51,NO_DATA,NO_DATA,E,N,N,-0.39,BUSINESS,N,N,N,N,N
17648502.8571,MALE,26.61,SINGLE,NO_DATA,0.26,NO_DATA,NO_DATA,E,N,N,-0.39,BUSINESS,N,N,N,N,N
121642345.7143,FEMALE,30.61,MARRIED,NO_DATA,1.01,NO_DATA,NO_DATA,E,N,N,-0.39,BUSINESS,N,N,N,N,N
56386760,MALE,51.61,MARRIED,NO_DATA,1.5,NO_DATA,DIGITAL,E,N,N,-0.39,BUSINESS,N,N,N,N,N
5066074.2857,MALE,31.59,MARRIED,NO_DATA,0.65,NO_DATA,NO_DATA,E,N,N,-0.41,BUSINESS,N,N,N,N,N
117208174.2857,MALE,37.59,MARRIED,NO_DATA,2.75,REGION IV-A (CALABARZON),NO_DATA,E,N,N,-0.41,BUSINESS,N,N,N,N,N
898645.7143,FEMALE,38.58,SINGLE,NO_DATA,0.74,REGION VI (WESTERN VISAYAS),TRADITIONAL,E,N,N,-0.42,BUSINESS,N,N,N,N,N
60550517.1429,FEMALE,46.58,MARRIED,NO_DATA,-0.02,NO_DATA,NO_DATA,E,N,N,-0.42,BUSINESS,N,N,N,N,N
89945488.5714,MALE,35.58,MARRIED,NO_DATA,0.91,NO_DATA,DIGITAL,E,N,N,-0.42,BUSINESS,N,N,N,N,N
67624115.7143,FEMALE,28.57,SINGLE,MID,6.61,NATIONAL CAPITAL REGION,NO_DATA,E,N,N,-0.43,BUSINESS,N,N,Y,N,N
141693088.5714,FEMALE,27.57,SINGLE,NO_DATA,0.08,NO_DATA,NO_DATA,E,N,N,-0.43,BUSINESS,N,N,N,N,N
140020374.2857,MALE,56.57,SINGLE,NO_DATA,0.05,NO_DATA,NO_DATA,E,N,N,-0.43,BUSINESS,N,N,N,N,N
109175902.8571,FEMALE,40.55,MARRIED,NO_DATA,2.13,REGION IV-A (CALABARZON),NO_DATA,E,N,N,-0.45,BUSINESS,N,N,N,N,N
110944074.2857,MALE,32.54,MARRIED,NO_DATA,0.26,NO_DATA,NO_DATA,E,N,N,-0.46,BUSINESS,N,N,N,N,N
29434502.8571,FEMALE,35.54,MARRIED,NO_DATA,0.67,NO_DATA,NO_DATA,E,N,N,-0.46,BUSINESS,N,N,N,N,N
41207917.1429,FEMALE,33.54,SINGLE,NO_DATA,1.02,NO_DATA,DIGITAL,E,N,N,-0.46,BUSINESS,N,N,N,N,N
101618188.5714,FEMALE,34.54,SINGLE,NO_DATA,1.43,NO_DATA,NO_DATA,E,N,N,-0.46,BUSINESS,N,N,N,N,N
3023231.4286,MALE,27.53,SINGLE,NO_DATA,-0.01,NO_DATA,NO_DATA,E,N,N,-0.47,BUSINESS,N,N,N,N,N
26742774.2857,FEMALE,34.53,MARRIED,NO_DATA,0.75,NO_DATA,NO_DATA,E,N,N,-0.47,BUSINESS,N,N,N,N,N
59465488.5714,FEMALE,28.52,SINGLE,NO_DATA,0.83,NO_DATA,DIGITAL,E,N,N,-0.48,BUSINESS,N,N,N,N,N
104664060,MALE,35.52,SINGLE,NO_DATA,0.83,NO_DATA,NO_DATA,E,N,N,-0.48,BUSINESS,N,N,N,N,N
69435502.8571,FEMALE,30.51,MARRIED,NO_DATA,0.2,NO_DATA,NO_DATA,E,N,N,-0.49,BUSINESS,N,N,N,N,N
105724074.2857,FEMALE,28.51,MARRIED,NO_DATA,0.19,NO_DATA,NO_DATA,E,N,N,-0.49,BUSINESS,N,N,N,N,N
68739617.1429,MALE,29.51,MARRIED,NO_DATA,1.39,NO_DATA,NO_DATA,E,N,N,-0.49,BUSINESS,N,N,N,N,N
72257217.1429,MALE,47.5,MARRIED,NO_DATA,0.71,REGION IV-A (CALABARZON),TRADITIONAL,E,N,N,-0.5,BUSINESS,N,N,N,N,N
87810188.5714,FEMALE,42.49,MARRIED,NO_DATA,2,NO_DATA,NO_DATA,E,N,N,-0.51,BUSINESS,N,N,N,N,N
85717045.7143,MALE,23.49,SINGLE,NO_DATA,1.32,NO_DATA,NO_DATA,E,N,N,-0.51,BUSINESS,N,N,N,N,N
71959345.7143,FEMALE,30.48,SINGLE,NO_DATA,0.97,NO_DATA,DIGITAL,E,N,N,-0.52,BUSINESS,N,N,N,N,N
104651331.4286,MALE,47.48,MARRIED,NO_DATA,1.29,NO_DATA,NO_DATA,E,N,N,-0.52,BUSINESS,N,N,N,N,N
78100645.7143,FEMALE,39.47,MARRIED,NO_DATA,0.45,NO_DATA,NO_DATA,E,N,N,-0.53,BUSINESS,N,N,N,N,N
13596888.5714,MALE,29.47,SINGLE,NO_DATA,2.43,NO_DATA,TRADITIONAL,E,Y,N,-0.53,BUSINESS,N,N,N,N,N
98184660,FEMALE,38.47,MARRIED,NO_DATA,-0.09,NO_DATA,NO_DATA,E,N,N,-0.53,BUSINESS,N,N,N,N,N
22643917.1429,MALE,23.47,SINGLE,NO_DATA,0.86,NO_DATA,NO_DATA,E,N,N,-0.53,BUSINESS,N,N,N,N,N
68487488.5714,MALE,43.46,MARRIED,NO_DATA,1.12,NO_DATA,NO_DATA,E,N,N,-0.54,BUSINESS,N,N,N,N,N
8133217.1429,FEMALE,43.46,MARRIED,NO_DATA,0.54,NO_DATA,NO_DATA,E,N,N,-0.54,BUSINESS,N,N,N,N,N
23447631.4286,FEMALE,34.46,SINGLE,NO_DATA,1.05,NO_DATA,NO_DATA,E,N,N,-0.54,BUSINESS,N,N,N,N,N
98198945.7143,FEMALE,24.46,SINGLE,NO_DATA,-0.1,NO_DATA,NO_DATA,E,N,N,-0.54,BUSINESS,N,N,N,N,N
60476217.1429,MALE,28.46,SINGLE,NO_DATA,0.49,NO_DATA,NO_DATA,E,N,N,-0.54,BUSINESS,N,N,N,N,N
122443060,FEMALE,33.45,SINGLE,NO_DATA,1.18,NO_DATA,DIGITAL,E,N,N,-0.55,BUSINESS,N,N,N,N,N
80707045.7143,MALE,52.45,SINGLE,NO_DATA,1.26,NO_DATA,NO_DATA,E,N,N,-0.55,BUSINESS,N,N,N,N,N
52640202.8571,MALE,35.45,SINGLE,NO_DATA,1.12,NO_DATA,NO_DATA,E,N,N,-0.55,BUSINESS,N,N,N,N,N
101930302.8571,MALE,59.45,MARRIED,NO_DATA,4.53,NATIONAL CAPITAL REGION,NO_DATA,E,N,N,-0.55,BUSINESS,N,N,N,Y,N
120515760,FEMALE,38.45,SINGLE,NO_DATA,2.2,REGION XIII (CARAGA),NO_DATA,E,N,N,-0.55,BUSINESS,N,N,N,N,N
131511645.7143,FEMALE,29.44,SINGLE,NO_DATA,0.54,NO_DATA,DIGITAL,E,N,N,-0.56,BUSINESS,N,N,N,N,N
23655045.7143,MALE,41.44,MARRIED,NO_DATA,1.45,NO_DATA,NO_DATA,E,N,N,-0.56,BUSINESS,N,N,N,N,N
50761060,FEMALE,40.43,MARRIED,NO_DATA,0.82,NO_DATA,NO_DATA,E,N,N,-0.57,BUSINESS,N,N,N,N,N
133708902.8571,FEMALE,61.43,WIDOW(ER),NO_DATA,1.84,NATIONAL CAPITAL REGION,TRADITIONAL,E,N,N,-0.57,BUSINESS,N,N,N,Y,N
108160660,MALE,33.42,MARRIED,NO_DATA,-0.22,NO_DATA,NO_DATA,E,N,N,-0.58,BUSINESS,N,N,N,N,N
15349488.5714,FEMALE,55.42,MARRIED,NO_DATA,0.85,NO_DATA,DIGITAL,E,N,N,-0.58,BUSINESS,N,N,N,N,N
55406502.8571,FEMALE,41.42,MARRIED,NO_DATA,0.31,NO_DATA,NO_DATA,E,N,N,-0.58,BUSINESS,N,N,N,N,Y
116198617.1429,FEMALE,38.42,SINGLE,NO_DATA,2.07,NO_DATA,NO_DATA,E,N,N,-0.58,BUSINESS,N,N,N,N,N
136893774.2857,FEMALE,37.41,MARRIED,NO_DATA,0.84,NO_DATA,NO_DATA,E,N,N,-0.59,BUSINESS,N,N,N,N,N
138865760,MALE,40.4,SINGLE,NO_DATA,2.08,NO_DATA,NO_DATA,E,N,N,-0.6,BUSINESS,N,N,N,N,N
39774902.8571,MALE,28.4,MARRIED,NO_DATA,1.6,NO_DATA,NO_DATA,E,N,N,-0.6,BUSINESS,N,N,N,N,N
33378231.4286,FEMALE,32.4,SEPARATED,NO_DATA,-0.42,NO_DATA,NO_DATA,E,N,N,-0.6,BUSINESS,N,N,N,N,N
121014517.1429,MALE,62.4,MARRIED,NO_DATA,-0.05,NO_DATA,NO_DATA,E,N,N,-0.6,BUSINESS,N,N,N,Y,N
55847488.5714,MALE,41.39,MARRIED,NO_DATA,1.04,NO_DATA,NO_DATA,E,N,N,-0.61,BUSINESS,N,N,N,N,Y
59537217.1429,MALE,28.39,SINGLE,NO_DATA,0.56,NO_DATA,NO_DATA,E,N,N,-0.61,BUSINESS,N,N,N,N,N
58524802.8571,FEMALE,33.39,SINGLE,NO_DATA,-0.22,NO_DATA,NO_DATA,E,N,N,-0.61,BUSINESS,N,N,N,N,N
40557374.2857,MALE,32.38,SINGLE,NO_DATA,-0.07,NO_DATA,NO_DATA,E,N,N,-0.62,BUSINESS,N,N,N,N,N
57940088.5714,FEMALE,38.38,MARRIED,NO_DATA,-0.06,NO_DATA,NO_DATA,E,N,N,-0.62,BUSINESS,N,N,N,N,N
131344931.4286,FEMALE,50.37,SINGLE,NO_DATA,0.34,NO_DATA,NO_DATA,E,N,N,-0.63,BUSINESS,N,N,N,N,N
97264488.5714,MALE,33.36,SINGLE,NO_DATA,1.06,NO_DATA,NO_DATA,E,N,N,-0.64,BUSINESS,N,N,N,N,N
137997645.7143,FEMALE,28.36,SINGLE,NO_DATA,0.36,NO_DATA,NO_DATA,E,N,N,-0.64,BUSINESS,N,N,N,N,N
34409088.5714,FEMALE,33.35,MARRIED,NO_DATA,-0.25,NO_DATA,NO_DATA,E,N,N,-0.65,BUSINESS,N,N,N,N,N
95255088.5714,MALE,33.35,SINGLE,NO_DATA,-0.37,NO_DATA,NO_DATA,E,N,N,-0.65,BUSINESS,N,N,N,N,N
105918588.5714,MALE,38.35,SINGLE,NO_DATA,4.58,REGION VII (CENTRAL VISAYAS),NO_DATA,E,N,N,-0.65,BUSINESS,N,N,N,N,N
26792788.5714,MALE,38.34,SINGLE,NO_DATA,-0.02,NO_DATA,NO_DATA,E,N,N,-0.66,BUSINESS,N,N,N,N,N
10091617.1429,FEMALE,40.34,SINGLE,NO_DATA,1.9,NO_DATA,DIGITAL,E,N,N,-0.66,BUSINESS,N,N,N,N,N
19136074.2857,FEMALE,27.33,SINGLE,NO_DATA,0.39,NO_DATA,NO_DATA,E,N,N,-0.67,BUSINESS,N,N,N,N,N
50339060,FEMALE,31.33,MARRIED,NO_DATA,0.91,NO_DATA,NO_DATA,E,N,N,-0.67,BUSINESS,N,N,N,N,N
49118931.4286,FEMALE,24.31,SINGLE,NO_DATA,0.39,NO_DATA,NO_DATA,E,N,N,-0.69,BUSINESS,N,N,N,N,N
3042788.5714,FEMALE,38.31,SINGLE,NO_DATA,-0.07,NO_DATA,NO_DATA,E,N,N,-0.69,BUSINESS,N,N,N,N,N
4528774.2857,FEMALE,35.31,MARRIED,NO_DATA,1.03,NO_DATA,NO_DATA,E,N,N,-0.69,BUSINESS,N,N,N,N,N
68550231.4286,MALE,36.31,SINGLE,NO_DATA,-0.18,NO_DATA,NO_DATA,E,N,N,-0.69,BUSINESS,N,N,N,N,N
35204345.7143,MALE,55.31,MARRIED,NO_DATA,1.07,NO_DATA,NO_DATA,E,N,N,-0.69,BUSINESS,N,N,N,N,N
71826631.4286,FEMALE,26.3,MARRIED,NO_DATA,0.71,NO_DATA,DIGITAL,E,N,N,-0.7,BUSINESS,N,N,N,N,N
109357802.8571,MALE,34.29,MARRIED,NO_DATA,-0.34,NO_DATA,NO_DATA,E,N,N,-0.71,BUSINESS,N,N,N,N,N
116436088.5714,FEMALE,45.29,MARRIED,NO_DATA,-0.24,NO_DATA,NO_DATA,E,N,N,-0.71,BUSINESS,N,N,N,N,N
282060,MALE,26.29,SINGLE,NO_DATA,0.8,NO_DATA,NO_DATA,E,N,N,-0.71,BUSINESS,N,N,N,N,N
73246202.8571,MALE,26.29,SINGLE,NO_DATA,0.88,NO_DATA,NO_DATA,E,N,N,-0.71,BUSINESS,N,N,N,N,N
78463631.4286,FEMALE,41.28,MARRIED,NO_DATA,0.76,NO_DATA,DIGITAL,E,N,N,-0.72,BUSINESS,N,N,N,N,N
50040217.1429,FEMALE,36.28,MARRIED,NO_DATA,0.38,NO_DATA,NO_DATA,E,N,N,-0.72,BUSINESS,N,N,N,N,N
15326774.2857,MALE,34.27,SINGLE,NO_DATA,0.62,NO_DATA,NO_DATA,E,N,N,-0.73,BUSINESS,N,N,N,N,N
107965488.5714,MALE,30.27,MARRIED,NO_DATA,0.57,NO_DATA,NO_DATA,E,N,N,-0.73,BUSINESS,N,N,N,N,N
842631.4286,FEMALE,22.26,SINGLE,NO_DATA,0.54,NO_DATA,NO_DATA,E,N,N,-0.74,BUSINESS,N,N,N,N,N
134602474.2857,MALE,27.26,SINGLE,NO_DATA,1.15,NO_DATA,NO_DATA,E,N,N,-0.74,BUSINESS,N,N,N,N,N
5440217.1429,FEMALE,23.25,SINGLE,NO_DATA,0.36,NO_DATA,NO_DATA,E,N,N,-0.75,BUSINESS,N,N,N,N,N
19372217.1429,FEMALE,31.24,MARRIED,NO_DATA,0.15,NO_DATA,NO_DATA,E,N,N,-0.76,BUSINESS,N,N,N,N,N
33611802.8571,MALE,39.24,SINGLE,NO_DATA,-0.31,NO_DATA,NO_DATA,E,N,N,-0.76,BUSINESS,N,N,N,N,N
117083331.4286,MALE,44.22,WIDOW(ER),NO_DATA,1.53,NATIONAL CAPITAL REGION,NO_DATA,E,N,N,-0.78,BUSINESS,N,N,N,N,N
331345.7143,MALE,39.22,SINGLE,NO_DATA,0.49,NO_DATA,NO_DATA,E,N,N,-0.78,BUSINESS,N,N,N,N,N
10454074.2857,FEMALE,32.21,SINGLE,NO_DATA,-0.11,NO_DATA,NO_DATA,E,N,N,-0.79,BUSINESS,N,N,N,N,N
22002931.4286,FEMALE,31.21,SEPARATED,NO_DATA,0.41,REGION IV-A (CALABARZON),TRADITIONAL,E,N,N,-0.79,BUSINESS,N,N,N,N,N
139936917.1429,MALE,27.2,SINGLE,NO_DATA,0.51,NO_DATA,NO_DATA,E,N,N,-0.8,BUSINESS,N,N,N,N,N
406660,MALE,39.2,SINGLE,NO_DATA,-0.56,NO_DATA,NO_DATA,E,N,N,-0.8,BUSINESS,N,N,N,N,N
17195631.4286,FEMALE,35.19,MARRIED,NO_DATA,0.42,NO_DATA,DIGITAL,E,N,N,-0.81,BUSINESS,N,N,N,N,N
25687917.1429,MALE,34.19,MARRIED,NO_DATA,0.68,NO_DATA,DIGITAL,E,N,N,-0.81,BUSINESS,N,N,N,N,N
16067774.2857,MALE,48.18,SEPARATED,NO_DATA,0.7,NO_DATA,NO_DATA,E,N,N,-0.82,BUSINESS,N,N,N,N,N
42764360,FEMALE,34.18,MARRIED,NO_DATA,0.36,NO_DATA,NO_DATA,E,N,N,-0.82,BUSINESS,N,N,N,N,N
29479060,MALE,41.18,MARRIED,NO_DATA,0.78,REGION XI (DAVAO REGION),NO_DATA,E,N,N,-0.82,BUSINESS,N,N,N,N,N
80457217.1429,FEMALE,39.18,MARRIED,NO_DATA,0.39,NO_DATA,DIGITAL,E,N,N,-0.82,BUSINESS,N,N,N,N,N
76766760,MALE,42.18,SINGLE,NO_DATA,1.06,NO_DATA,NO_DATA,E,N,N,-0.82,BUSINESS,N,N,N,N,N
141260345.7143,FEMALE,35.17,MARRIED,NO_DATA,0.82,NO_DATA,NO_DATA,E,N,N,-0.83,BUSINESS,N,N,N,N,N
126454202.8571,FEMALE,36.15,MARRIED,NO_DATA,0.38,NO_DATA,DIGITAL,E,N,N,-0.85,BUSINESS,N,N,N,N,N
6905374.2857,MALE,26.15,SINGLE,NO_DATA,-0.66,NO_DATA,NO_DATA,E,N,N,-0.85,BUSINESS,N,N,N,N,N
91261188.5714,FEMALE,40.14,MARRIED,NO_DATA,1,NO_DATA,NO_DATA,E,N,N,-0.86,BUSINESS,N,N,N,N,N
58989231.4286,FEMALE,30.14,MARRIED,NO_DATA,-0.5,NO_DATA,NO_DATA,E,N,N,-0.86,BUSINESS,N,N,N,N,N
92904931.4286,FEMALE,34.13,SINGLE,NO_DATA,0.09,NO_DATA,NO_DATA,E,N,N,-0.87,BUSINESS,N,N,N,N,N
106729617.1429,MALE,29.13,MARRIED,NO_DATA,1.02,NO_DATA,NO_DATA,E,N,N,-0.87,BUSINESS,N,N,N,N,N
119740374.2857,MALE,33.13,MARRIED,NO_DATA,-0.42,NO_DATA,NO_DATA,E,N,N,-0.87,BUSINESS,N,N,N,N,N
78825231.4286,FEMALE,55.12,MARRIED,NO_DATA,-0.66,NO_DATA,NO_DATA,E,N,N,-0.88,BUSINESS,N,N,N,N,N
57462231.4286,FEMALE,30.12,SEPARATED,NO_DATA,-0.58,NO_DATA,NO_DATA,E,N,N,-0.88,BUSINESS,N,N,N,N,N
25149045.7143,MALE,45.12,MARRIED,NO_DATA,1.45,NO_DATA,NO_DATA,E,N,N,-0.88,BUSINESS,N,N,N,N,N
78124202.8571,MALE,37.1,SINGLE,NO_DATA,0.33,NO_DATA,DIGITAL,E,N,N,-0.9,BUSINESS,N,N,N,N,N
70698631.4286,FEMALE,24.1,SINGLE,NO_DATA,0.83,NO_DATA,NO_DATA,E,N,N,-0.9,BUSINESS,N,N,N,N,N
141209474.2857,MALE,33.07,SINGLE,NO_DATA,1,NO_DATA,NO_DATA,E,N,N,-0.93,BUSINESS,N,N,N,N,N
27221631.4286,MALE,39.06,MARRIED,NO_DATA,0.76,NO_DATA,DIGITAL,E,N,N,-0.94,BUSINESS,N,N,N,N,N
70894617.1429,MALE,42.05,MARRIED,NO_DATA,1.46,NO_DATA,NO_DATA,E,N,N,-0.95,BUSINESS,N,N,N,N,N
127348202.8571,FEMALE,38.05,SINGLE,NO_DATA,0.42,NO_DATA,DIGITAL,E,N,N,-0.95,BUSINESS,N,N,N,N,N
1715802.8571,MALE,33.04,SINGLE,NO_DATA,-0.35,NO_DATA,NO_DATA,E,N,N,-0.96,BUSINESS,N,N,N,N,N
128035217.1429,FEMALE,26.96,SINGLE,NO_DATA,-0.22,NO_DATA,NO_DATA,E,N,N,-0.96,BUSINESS,N,N,N,N,N
17678074.2857,MALE,24.03,SINGLE,NO_DATA,-0.16,NO_DATA,NO_DATA,E,N,N,-0.97,BUSINESS,N,N,N,N,N
131191660,MALE,35.03,MARRIED,NO_DATA,-0.45,NO_DATA,NO_DATA,E,N,N,-0.97,BUSINESS,N,N,N,N,N
6462617.1429,FEMALE,35.03,MARRIED,NO_DATA,0.89,NO_DATA,NO_DATA,E,N,N,-0.97,BUSINESS,N,N,N,N,N
38729217.1429,MALE,31.03,SINGLE,NO_DATA,0.02,NO_DATA,NO_DATA,E,N,N,-0.97,BUSINESS,N,N,N,N,N
9038645.7143,FEMALE,39.03,MARRIED,NO_DATA,0.2,NO_DATA,DIGITAL,E,N,N,-0.97,BUSINESS,N,N,N,N,N
125902488.5714,MALE,38.01,SEPARATED,NO_DATA,0.4,NO_DATA,DIGITAL,E,N,N,-0.99,BUSINESS,N,N,N,N,N
40022517.1429,FEMALE,27.01,MARRIED,NO_DATA,-0.81,NO_DATA,NO_DATA,E,N,N,-0.99,BUSINESS,N,N,N,N,N
88071331.4286,FEMALE,30,SINGLE,NO_DATA,0.79,NO_DATA,NO_DATA,E,N,N,-1,BUSINESS,N,N,N,N,N
106705158.5714,FEMALE,57,MARRIED,MID,11.62,NO_DATA,NO_DATA,E,N,N,-1,BUSINESS,N,N,N,N,N
118126231.4286,FEMALE,29,SINGLE,NO_DATA,-0.62,NO_DATA,NO_DATA,E,N,N,-1,BUSINESS,N,N,N,N,N
43126088.5714,MALE,28.99,SINGLE,NO_DATA,-0.57,NO_DATA,NO_DATA,E,N,N,-1.01,BUSINESS,N,N,N,N,N
120747760,MALE,29.99,SINGLE,NO_DATA,1.17,NO_DATA,NO_DATA,E,N,N,-1.01,BUSINESS,N,N,N,N,N
17913788.5714,MALE,35.99,SINGLE,NO_DATA,-0.22,NO_DATA,NO_DATA,E,N,N,-1.01,BUSINESS,N,N,N,N,N
91112617.1429,FEMALE,50.99,MARRIED,NO_DATA,0.83,NO_DATA,NO_DATA,E,N,N,-1.01,BUSINESS,N,N,N,N,N
135594502.8571,FEMALE,48.98,SINGLE,NO_DATA,0.09,NO_DATA,NO_DATA,E,N,N,-1.02,BUSINESS,N,N,N,N,N
15279360,FEMALE,33.97,MARRIED,NO_DATA,-0.16,NO_DATA,NO_DATA,E,N,N,-1.03,BUSINESS,N,N,N,N,N
108228902.8571,FEMALE,32.97,MARRIED,NO_DATA,1.46,NO_DATA,NO_DATA,E,N,N,-1.03,BUSINESS,N,N,N,N,N
99228660,FEMALE,31.97,MARRIED,NO_DATA,-0.42,NO_DATA,NO_DATA,E,N,N,-1.03,BUSINESS,N,N,N,N,N
83445945.7143,MALE,45.96,MARRIED,NO_DATA,-0.5,NO_DATA,NO_DATA,E,N,N,-1.04,BUSINESS,N,N,N,N,N
101181074.2857,FEMALE,21.96,SINGLE,NO_DATA,-0.29,NO_DATA,NO_DATA,E,N,N,-1.04,BUSINESS,N,N,N,N,N
89558502.8571,FEMALE,22.95,SINGLE,NO_DATA,-0.39,NO_DATA,NO_DATA,E,N,N,-1.05,BUSINESS,N,N,N,N,N
78899488.5714,FEMALE,39.95,MARRIED,NO_DATA,0.36,NO_DATA,NO_DATA,E,N,N,-1.05,BUSINESS,N,N,N,N,N
133595474.2857,FEMALE,26.95,SINGLE,NO_DATA,0.8,NO_DATA,NO_DATA,E,N,N,-1.05,BUSINESS,N,N,N,N,N
51012617.1429,FEMALE,38.94,MARRIED,NO_DATA,0.78,NO_DATA,NO_DATA,E,N,N,-1.06,BUSINESS,N,N,N,N,N
76506217.1429,FEMALE,33.93,SINGLE,NO_DATA,-0.05,NO_DATA,NO_DATA,E,N,N,-1.07,BUSINESS,N,N,N,N,N
55636488.5714,FEMALE,29.93,SINGLE,NO_DATA,0.41,NO_DATA,DIGITAL,E,N,N,-1.07,BUSINESS,N,N,N,N,N
116527788.5714,FEMALE,39.91,MARRIED,NO_DATA,-0.17,NO_DATA,NO_DATA,E,N,N,-1.09,BUSINESS,N,N,N,N,N
12066174.2857,FEMALE,34.91,SINGLE,NO_DATA,2.72,REGION IV-A (CALABARZON),NO_DATA,E,N,N,-1.09,BUSINESS,N,N,N,N,N
55779217.1429,MALE,25.9,SINGLE,NO_DATA,-0.16,NO_DATA,NO_DATA,E,N,N,-1.1,BUSINESS,N,N,N,N,N
14558802.8571,MALE,21.88,SINGLE,NO_DATA,-0.58,NO_DATA,NO_DATA,E,N,N,-1.12,BUSINESS,N,N,N,N,N
86152788.5714,FEMALE,32.88,SINGLE,NO_DATA,-0.48,NO_DATA,NO_DATA,E,N,N,-1.12,BUSINESS,N,N,N,N,N
12034760,FEMALE,26.88,SINGLE,NO_DATA,1.2,NATIONAL CAPITAL REGION,DIGITAL,E,N,N,-1.12,BUSINESS,N,N,N,N,N
96651645.7143,FEMALE,63.88,WIDOW(ER),NO_DATA,-0.01,NO_DATA,DIGITAL,E,N,N,-1.12,BUSINESS,N,N,N,Y,N
86664802.8571,FEMALE,49.87,MARRIED,NO_DATA,-0.73,NO_DATA,NO_DATA,E,N,N,-1.13,BUSINESS,N,N,N,N,N
113227774.2857,MALE,26.86,SINGLE,NO_DATA,0.36,NO_DATA,DIGITAL,E,N,N,-1.14,BUSINESS,N,N,N,N,N
72320231.4286,MALE,58.85,WIDOW(ER),NO_DATA,-0.62,NO_DATA,NO_DATA,E,N,N,-1.15,BUSINESS,N,N,N,Y,N
71152902.8571,FEMALE,44.85,MARRIED,NO_DATA,1.52,REGION VI (WESTERN VISAYAS),NO_DATA,C1,N,N,-1.15,BUSINESS,N,N,Y,N,Y
131936931.4286,MALE,22.84,SINGLE,NO_DATA,-0.48,NO_DATA,NO_DATA,E,N,N,-1.16,BUSINESS,N,N,N,N,N
62223774.2857,MALE,24.84,SINGLE,NO_DATA,0.26,NO_DATA,DIGITAL,E,N,N,-1.16,BUSINESS,N,N,N,N,N
45110374.2857,FEMALE,35.84,SINGLE,NO_DATA,-0.71,NO_DATA,NO_DATA,E,N,N,-1.16,BUSINESS,N,N,N,N,N
8855931.4286,MALE,35.83,SINGLE,NO_DATA,-0.07,NO_DATA,NO_DATA,E,N,N,-1.17,BUSINESS,N,N,N,N,N
9935060,MALE,30.83,SINGLE,NO_DATA,0.31,NO_DATA,NO_DATA,E,N,N,-1.17,BUSINESS,N,N,N,N,N
58814931.4286,MALE,38.82,SINGLE,NO_DATA,-0.2,NO_DATA,NO_DATA,E,N,N,-1.18,BUSINESS,N,N,N,N,N
6499774.2857,FEMALE,31.82,SINGLE,NO_DATA,0.1,NO_DATA,DIGITAL,E,N,N,-1.18,BUSINESS,N,N,N,N,N
71407931.4286,MALE,41.8,SINGLE,NO_DATA,-0.33,NO_DATA,NO_DATA,E,N,N,-1.2,BUSINESS,N,N,N,N,N
16727060,FEMALE,38.8,SINGLE,NO_DATA,0.02,NO_DATA,DIGITAL,E,N,N,-1.2,BUSINESS,N,N,N,N,N
62835174.2857,MALE,30.79,MARRIED,NO_DATA,2.12,REGION II (CAGAYAN VALLEY),NO_DATA,E,N,N,-1.21,BUSINESS,N,N,N,N,N
68585788.5714,FEMALE,38.79,MARRIED,NO_DATA,0,NO_DATA,DIGITAL,E,N,N,-1.21,BUSINESS,N,N,N,N,N
137241331.4286,FEMALE,29.79,SINGLE,NO_DATA,0.58,NO_DATA,NO_DATA,E,N,N,-1.21,BUSINESS,N,N,N,N,N
60858060,MALE,40.78,MARRIED,NO_DATA,0.23,REGION VI (WESTERN VISAYAS),TRADITIONAL,E,N,N,-1.22,BUSINESS,N,N,N,N,N
119064074.2857,MALE,29.86,MARRIED,NO_DATA,-1.45,NO_DATA,NO_DATA,E,N,N,-1.23,BUSINESS,N,N,N,N,N
103864760,FEMALE,35.77,MARRIED,NO_DATA,1.07,NO_DATA,NO_DATA,E,N,N,-1.23,BUSINESS,N,N,N,N,N
43960331.4286,FEMALE,22.74,SINGLE,NO_DATA,1.2,NO_DATA,NO_DATA,E,N,N,-1.26,BUSINESS,N,N,N,N,N
130559231.4286,FEMALE,34.9,SINGLE,NO_DATA,-1.74,NO_DATA,NO_DATA,E,N,N,-1.27,BUSINESS,N,N,N,N,N
80930660,FEMALE,39.73,SINGLE,NO_DATA,-0.9,NO_DATA,NO_DATA,E,N,N,-1.27,BUSINESS,N,N,N,N,N
115898945.7143,FEMALE,60.73,MARRIED,NO_DATA,-0.82,NO_DATA,NO_DATA,E,N,N,-1.27,BUSINESS,N,N,N,Y,N
95933660,FEMALE,20.72,SINGLE,NO_DATA,-0.98,NO_DATA,NO_DATA,E,N,N,-1.28,BUSINESS,N,N,N,N,N
116310517.1429,FEMALE,43.72,MARRIED,NO_DATA,-0.89,NO_DATA,NO_DATA,E,N,N,-1.28,BUSINESS,N,N,N,N,N
32269774.2857,MALE,22.7,SINGLE,NO_DATA,-0.02,NO_DATA,NO_DATA,E,N,N,-1.3,BUSINESS,N,N,N,N,N
84083745.7143,FEMALE,32.69,SINGLE,NO_DATA,1.95,REGION III (CENTRAL LUZON),TRADITIONAL,E,N,N,-1.31,BUSINESS,N,N,N,N,N
77028088.5714,FEMALE,47.69,MARRIED,NO_DATA,-1.1,NO_DATA,NO_DATA,E,N,N,-1.31,BUSINESS,N,N,N,N,N
35032760,FEMALE,44.69,MARRIED,NO_DATA,0.51,NO_DATA,NO_DATA,E,N,N,-1.31,BUSINESS,N,N,N,N,N
31512788.5714,FEMALE,30.67,MARRIED,NO_DATA,-0.71,NO_DATA,NO_DATA,E,N,N,-1.33,BUSINESS,N,N,N,N,N
10300217.1429,FEMALE,22.66,SINGLE,NO_DATA,-0.19,NO_DATA,DIGITAL,E,N,N,-1.34,BUSINESS,N,N,N,N,Y
2730474.2857,FEMALE,36.65,SINGLE,NO_DATA,0.99,NO_DATA,NO_DATA,E,N,N,-1.35,BUSINESS,N,N,N,N,N
94889917.1429,MALE,53.65,MARRIED,NO_DATA,-0.09,NO_DATA,NO_DATA,E,N,N,-1.35,BUSINESS,N,N,N,N,N
96265474.2857,MALE,33.64,MARRIED,NO_DATA,0.49,NO_DATA,DIGITAL,E,N,N,-1.36,BUSINESS,N,N,N,N,N
111360502.8571,FEMALE,46.64,MARRIED,NO_DATA,-0.33,NO_DATA,NO_DATA,E,N,N,-1.36,BUSINESS,N,N,N,N,N
101805945.7143,MALE,44.64,MARRIED,NO_DATA,-0.84,NO_DATA,NO_DATA,E,N,N,-1.36,BUSINESS,N,N,N,N,N
18639060,FEMALE,22.63,MARRIED,NO_DATA,0.2,NO_DATA,NO_DATA,E,N,N,-1.37,BUSINESS,N,N,N,N,N
9480645.7143,FEMALE,28.62,MARRIED,NO_DATA,-0.44,NO_DATA,NO_DATA,E,N,N,-1.38,BUSINESS,N,N,N,N,N
105829917.1429,MALE,40.61,SINGLE,NO_DATA,-0.12,NO_DATA,NO_DATA,E,N,N,-1.39,BUSINESS,N,N,N,N,N
4074645.7143,FEMALE,47.61,MARRIED,NO_DATA,-0.3,NO_DATA,NO_DATA,E,N,N,-1.39,BUSINESS,N,N,N,N,N
22360088.5714,FEMALE,28.61,SINGLE,NO_DATA,-0.79,NO_DATA,NO_DATA,E,N,N,-1.39,BUSINESS,N,N,N,N,N
13447231.4286,FEMALE,33.6,SINGLE,NO_DATA,-0.81,NO_DATA,NO_DATA,E,N,N,-1.4,BUSINESS,N,N,N,N,N
110658645.7143,MALE,38.59,SINGLE,NO_DATA,-0.2,NO_DATA,NO_DATA,E,N,N,-1.41,BUSINESS,N,N,N,N,N
13018645.7143,MALE,27.59,MARRIED,NO_DATA,-0.22,NO_DATA,DIGITAL,E,N,N,-1.41,BUSINESS,N,N,N,N,N
37145502.8571,MALE,35.58,SINGLE,NO_DATA,-0.71,NO_DATA,NO_DATA,E,N,N,-1.42,BUSINESS,N,N,N,N,N
5764202.8571,FEMALE,18.58,SINGLE,NO_DATA,-0.17,NO_DATA,NO_DATA,E,N,N,-1.42,BUSINESS,N,N,N,N,Y
89162945.7143,MALE,47.55,MARRIED,NO_DATA,-0.86,NO_DATA,NO_DATA,E,N,N,-1.45,BUSINESS,N,N,N,N,N
7518460,FEMALE,44.54,SINGLE,NO_DATA,1.4,REGION III (CENTRAL LUZON),NO_DATA,E,N,N,-1.46,BUSINESS,N,N,N,N,N
62517217.1429,MALE,28.54,SINGLE,NO_DATA,-0.26,NO_DATA,NO_DATA,E,N,N,-1.46,BUSINESS,N,N,N,N,N
101926902.8571,FEMALE,36.53,SINGLE,NO_DATA,0.37,NO_DATA,NO_DATA,E,N,N,-1.47,BUSINESS,N,N,N,N,N
38413760,MALE,42.53,MARRIED,NO_DATA,0.42,NO_DATA,DIGITAL,E,N,N,-1.47,BUSINESS,N,N,N,N,N
46758060,FEMALE,26.53,SINGLE,NO_DATA,-0.02,NO_DATA,NO_DATA,E,N,N,-1.47,BUSINESS,N,N,N,N,N
65080774.2857,MALE,41.36,MARRIED,NO_DATA,-0.17,REGION III (CENTRAL LUZON),TRADITIONAL,E,N,N,-1.47,BUSINESS,N,N,N,N,N
116415202.8571,MALE,62.5,MARRIED,NO_DATA,-0.05,NO_DATA,DIGITAL,E,N,N,-1.5,BUSINESS,N,N,N,Y,N
54756431.4286,FEMALE,47.49,MARRIED,NO_DATA,4.1,REGION XI (DAVAO REGION),NO_DATA,E,N,N,-1.51,BUSINESS,N,N,N,N,N
93254045.7143,FEMALE,36.49,MARRIED,NO_DATA,0.33,NO_DATA,DIGITAL,E,N,N,-1.51,BUSINESS,N,N,N,N,N
104658217.1429,FEMALE,31.48,SINGLE,NO_DATA,-0.74,NO_DATA,NO_DATA,E,N,N,-1.52,BUSINESS,N,N,N,N,N
54039917.1429,FEMALE,25.45,SINGLE,NO_DATA,-0.33,NO_DATA,DIGITAL,E,N,N,-1.55,BUSINESS,N,N,N,N,N
107282931.4286,MALE,27.39,MARRIED,NO_DATA,-0.45,NO_DATA,DIGITAL,E,N,N,-1.61,BUSINESS,N,N,N,N,N
76814517.1429,MALE,35.36,MARRIED,NO_DATA,-1.09,NO_DATA,NO_DATA,E,N,N,-1.64,BUSINESS,N,N,N,N,N
65185231.4286,FEMALE,23.31,SINGLE,NO_DATA,-1.48,NO_DATA,NO_DATA,E,N,N,-1.69,BUSINESS,N,N,N,N,N
50021331.4286,MALE,28.3,SINGLE,NO_DATA,0.11,REGION V (BICOL REGION),DIGITAL,E,N,N,-1.7,BUSINESS,N,N,N,N,N
132047188.5714,MALE,33.28,MARRIED,NO_DATA,1.01,NO_DATA,NO_DATA,E,N,N,-1.72,BUSINESS,N,N,N,N,N
67138945.7143,MALE,20.28,SINGLE,NO_DATA,-1.28,NO_DATA,NO_DATA,E,N,N,-1.72,BUSINESS,N,N,N,N,N
16532602.8571,MALE,34.27,SINGLE,NO_DATA,1.29,NATIONAL CAPITAL REGION,NO_DATA,E,N,N,-1.73,BUSINESS,N,N,N,N,N
22839060,FEMALE,36.25,SINGLE,NO_DATA,-0.18,NO_DATA,NO_DATA,E,N,N,-1.75,BUSINESS,N,N,N,N,N
6548074.2857,MALE,20.23,SINGLE,NO_DATA,-0.95,NO_DATA,NO_DATA,E,N,N,-1.77,BUSINESS,N,N,N,N,N
86534202.8571,FEMALE,36.22,SINGLE,NO_DATA,-0.53,NO_DATA,DIGITAL,E,N,N,-1.78,BUSINESS,N,N,N,N,N
83287217.1429,MALE,35.22,MARRIED,NO_DATA,-0.58,NO_DATA,NO_DATA,E,N,N,-1.78,BUSINESS,N,N,N,N,N
87089631.4286,FEMALE,19.21,SINGLE,NO_DATA,-0.41,NO_DATA,NO_DATA,E,N,N,-1.79,BUSINESS,N,N,N,N,N
107387217.1429,MALE,27.21,SINGLE,NO_DATA,-0.59,NO_DATA,NO_DATA,E,N,N,-1.79,BUSINESS,N,N,N,N,N
83885202.8571,FEMALE,19.18,SINGLE,NO_DATA,-0.41,NO_DATA,NO_DATA,E,N,N,-1.82,BUSINESS,N,N,N,N,N
122039760,FEMALE,36.17,MARRIED,NO_DATA,0.02,NO_DATA,NO_DATA,E,N,N,-1.83,BUSINESS,N,N,N,N,N
38222931.4286,FEMALE,50.15,MARRIED,NO_DATA,-0.68,NO_DATA,DIGITAL,E,N,N,-1.85,BUSINESS,N,N,N,N,N
134837502.8571,MALE,28.14,SINGLE,NO_DATA,-0.79,NO_DATA,NO_DATA,E,N,N,-1.86,BUSINESS,N,N,N,N,N
115143202.8571,FEMALE,43.13,SINGLE,NO_DATA,-0.2,NO_DATA,NO_DATA,E,N,N,-1.87,BUSINESS,N,N,N,N,N
54003502.8571,MALE,24.13,SINGLE,NO_DATA,-0.9,NO_DATA,NO_DATA,E,N,N,-1.87,BUSINESS,N,N,N,N,N
7941788.5714,MALE,28.12,SINGLE,NO_DATA,-0.84,NO_DATA,NO_DATA,E,N,N,-1.88,BUSINESS,N,N,N,N,N
97147231.4286,FEMALE,32.1,MARRIED,NO_DATA,-1.3,NO_DATA,NO_DATA,E,N,N,-1.9,BUSINESS,N,N,N,N,N
108254917.1429,FEMALE,52.09,SINGLE,NO_DATA,-0.4,NO_DATA,NO_DATA,E,N,N,-1.91,BUSINESS,N,N,N,N,N
42691488.5714,FEMALE,24.04,SINGLE,NO_DATA,-0.2,NO_DATA,NO_DATA,E,N,N,-1.96,BUSINESS,N,N,N,N,N
59865045.7143,FEMALE,26.03,SINGLE,NO_DATA,0.08,NO_DATA,DIGITAL,E,N,N,-1.97,BUSINESS,N,N,N,N,N
55339517.1429,MALE,32.02,SINGLE,NO_DATA,-1.76,NO_DATA,NO_DATA,E,N,N,-1.98,BUSINESS,N,N,N,N,N
78761360,FEMALE,41.98,SINGLE,NO_DATA,-1.36,NO_DATA,NO_DATA,E,N,N,-2.02,BUSINESS,N,N,N,N,N
19975060,MALE,47.97,MARRIED,NO_DATA,-0.54,NO_DATA,NO_DATA,E,N,N,-2.03,BUSINESS,N,N,N,N,N
105484931.4286,MALE,30.96,SINGLE,NO_DATA,-1.12,NO_DATA,NO_DATA,E,N,N,-2.04,BUSINESS,N,N,N,N,N
33507917.1429,FEMALE,33.95,MARRIED,NO_DATA,-0.58,NO_DATA,DIGITAL,E,N,N,-2.05,BUSINESS,N,N,N,N,N
61139345.7143,FEMALE,39.93,SINGLE,NO_DATA,-0.6,NO_DATA,NO_DATA,E,N,N,-2.07,BUSINESS,N,N,N,N,N
142423917.1429,FEMALE,31.91,SINGLE,NO_DATA,-0.73,NO_DATA,DIGITAL,E,N,N,-2.09,BUSINESS,N,N,N,N,N
38619374.2857,MALE,24.89,SINGLE,NO_DATA,-1.81,NO_DATA,NO_DATA,E,N,N,-2.11,BUSINESS,N,N,N,N,N
69632488.5714,FEMALE,22.88,SINGLE,NO_DATA,-0.74,NO_DATA,NO_DATA,E,N,N,-2.12,BUSINESS,N,N,N,N,N
53119502.8571,MALE,31.72,SINGLE,NO_DATA,-1.46,NO_DATA,NO_DATA,E,N,N,-2.28,BUSINESS,N,N,N,N,N
53964060,FEMALE,39.7,SEPARATED,NO_DATA,-0.98,NO_DATA,DIGITAL,E,N,N,-2.3,BUSINESS,N,N,N,N,Y
142709774.2857,MALE,39.61,MARRIED,NO_DATA,-1.09,NO_DATA,DIGITAL,E,N,N,-2.39,BUSINESS,N,N,N,N,N
126905045.7143,FEMALE,21.61,SINGLE,NO_DATA,-0.32,NO_DATA,NO_DATA,E,N,N,-2.39,BUSINESS,N,N,N,N,N
113554602.8571,FEMALE,53.54,WIDOW(ER),MID,1.62,NO_DATA,NO_DATA,E,N,N,-2.46,BUSINESS,N,N,N,N,Y
88396645.7143,FEMALE,50.4,MARRIED,NO_DATA,-1.81,NO_DATA,NO_DATA,E,N,N,-2.6,BUSINESS,N,N,N,N,N
23702645.7143,MALE,32.13,MARRIED,NO_DATA,-2.16,NO_DATA,NO_DATA,E,N,N,-2.87,BUSINESS,N,N,N,N,N
113759360,MALE,22.91,SINGLE,NO_DATA,-2.18,NO_DATA,NO_DATA,E,N,N,-3.09,BUSINESS,N,N,N,N,N
128260360,FEMALE,23.74,SINGLE,NO_DATA,-2.18,NO_DATA,NO_DATA,E,N,N,-3.26,BUSINESS,N,N,N,N,N
6715517.1429,NO_DATA,\N,NO_DATA,NO_DATA,\N,NO_DATA,NO_DATA,NO_DATA,N,N,,BUSINESS,N,N,N,N,N
8213945.7143,NO_DATA,\N,NO_DATA,NO_DATA,\N,NO_DATA,NO_DATA,NO_DATA,N,N,,BUSINESS,N,N,N,N,N
10367088.5714,NO_DATA,\N,NO_DATA,NO_DATA,\N,NO_DATA,NO_DATA,NO_DATA,N,N,,BUSINESS,N,N,N,N,N
17811231.4286,NO_DATA,\N,NO_DATA,NO_DATA,\N,NO_DATA,NO_DATA,NO_DATA,N,N,,BUSINESS,N,N,N,N,N
18347245.7143,NO_DATA,\N,NO_DATA,NO_DATA,\N,NO_DATA,NO_DATA,NO_DATA,N,N,,BUSINESS,N,N,N,N,N
20829945.7143,NO_DATA,\N,NO_DATA,NO_DATA,\N,NO_DATA,NO_DATA,NO_DATA,N,N,,BUSINESS,N,N,N,N,N
20985374.2857,NO_DATA,\N,NO_DATA,NO_DATA,\N,NO_DATA,NO_DATA,NO_DATA,N,N,,BUSINESS,N,N,N,N,N
26177088.5714,NO_DATA,\N,NO_DATA,NO_DATA,\N,NO_DATA,NO_DATA,NO_DATA,N,N,,BUSINESS,N,N,N,N,N
27020102.8571,NO_DATA,\N,NO_DATA,NO_DATA,\N,NO_DATA,NO_DATA,NO_DATA,N,N,,BUSINESS,N,N,N,N,N
28111231.4286,NO_DATA,\N,NO_DATA,NO_DATA,\N,NO_DATA,NO_DATA,NO_DATA,N,N,,BUSINESS,N,N,N,N,N
34005660,NO_DATA,\N,NO_DATA,NO_DATA,\N,NO_DATA,NO_DATA,NO_DATA,N,N,,BUSINESS,N,N,N,N,N
35688674.2857,NO_DATA,\N,NO_DATA,NO_DATA,\N,NO_DATA,NO_DATA,NO_DATA,N,N,,BUSINESS,N,N,N,N,N
36691374.2857,NO_DATA,\N,NO_DATA,NO_DATA,\N,NO_DATA,NO_DATA,NO_DATA,N,N,,BUSINESS,N,N,N,N,N
39297088.5714,NO_DATA,\N,NO_DATA,NO_DATA,\N,NO_DATA,NO_DATA,NO_DATA,N,N,,BUSINESS,N,N,N,N,N
39855517.1429,NO_DATA,\N,NO_DATA,NO_DATA,\N,NO_DATA,NO_DATA,NO_DATA,N,N,,BUSINESS,N,N,N,N,N
40135517.1429,NO_DATA,\N,NO_DATA,NO_DATA,\N,NO_DATA,NO_DATA,NO_DATA,N,N,,BUSINESS,N,N,N,N,N
40617088.5714,NO_DATA,\N,NO_DATA,NO_DATA,\N,NO_DATA,NO_DATA,NO_DATA,N,N,,BUSINESS,N,N,N,N,N
43857245.7143,NO_DATA,\N,NO_DATA,NO_DATA,\N,NO_DATA,NO_DATA,NO_DATA,N,N,,BUSINESS,N,N,N,N,N
45461374.2857,NO_DATA,\N,NO_DATA,NO_DATA,\N,NO_DATA,NO_DATA,NO_DATA,N,N,,BUSINESS,N,N,N,N,N
50731374.2857,NO_DATA,\N,NO_DATA,NO_DATA,\N,NO_DATA,NO_DATA,NO_DATA,N,N,,BUSINESS,N,N,N,N,N
53429802.8571,NO_DATA,\N,NO_DATA,NO_DATA,\N,NO_DATA,NO_DATA,NO_DATA,N,N,,BUSINESS,N,N,N,N,N
55221374.2857,NO_DATA,\N,NO_DATA,NO_DATA,\N,NO_DATA,NO_DATA,NO_DATA,N,N,,BUSINESS,N,N,N,N,N
56355660,NO_DATA,\N,NO_DATA,NO_DATA,\N,NO_DATA,NO_DATA,NO_DATA,N,N,,BUSINESS,N,N,N,N,N
57217088.5714,NO_DATA,\N,NO_DATA,NO_DATA,\N,NO_DATA,NO_DATA,NO_DATA,N,N,,BUSINESS,N,N,N,N,N
61864088.5714,NO_DATA,\N,NO_DATA,NO_DATA,\N,NO_DATA,NO_DATA,NO_DATA,N,N,,BUSINESS,N,N,N,N,N
67881374.2857,NO_DATA,\N,NO_DATA,NO_DATA,\N,NO_DATA,NO_DATA,NO_DATA,N,N,,BUSINESS,N,N,N,N,N
69069945.7143,NO_DATA,\N,NO_DATA,NO_DATA,\N,NO_DATA,NO_DATA,NO_DATA,N,N,,BUSINESS,N,N,N,N,N
69361531.4286,NO_DATA,\N,NO_DATA,NO_DATA,\N,NO_DATA,NO_DATA,NO_DATA,N,N,,BUSINESS,N,N,N,N,N
70742517.1429,NO_DATA,\N,NO_DATA,NO_DATA,\N,NO_DATA,NO_DATA,NO_DATA,N,N,,BUSINESS,N,N,N,N,N
71226802.8571,NO_DATA,\N,NO_DATA,NO_DATA,\N,NO_DATA,NO_DATA,NO_DATA,N,N,,BUSINESS,N,N,N,N,N
71739945.7143,NO_DATA,\N,NO_DATA,NO_DATA,\N,NO_DATA,NO_DATA,NO_DATA,N,N,,BUSINESS,N,N,N,N,N
72985660,NO_DATA,\N,NO_DATA,NO_DATA,\N,NO_DATA,NO_DATA,NO_DATA,N,N,,BUSINESS,N,N,N,N,N
73142802.8571,NO_DATA,\N,NO_DATA,NO_DATA,\N,NO_DATA,NO_DATA,NO_DATA,N,N,,BUSINESS,N,N,N,N,N
77115517.1429,NO_DATA,\N,NO_DATA,NO_DATA,\N,NO_DATA,NO_DATA,NO_DATA,N,N,,BUSINESS,N,N,N,N,N
77872802.8571,NO_DATA,\N,NO_DATA,NO_DATA,\N,NO_DATA,NO_DATA,NO_DATA,N,N,,BUSINESS,N,N,N,N,N
78299802.8571,NO_DATA,\N,NO_DATA,NO_DATA,\N,NO_DATA,NO_DATA,NO_DATA,N,N,,BUSINESS,N,N,N,N,N
81761231.4286,NO_DATA,\N,NO_DATA,NO_DATA,\N,NO_DATA,NO_DATA,NO_DATA,N,N,,BUSINESS,N,N,N,N,N
83192660,NO_DATA,\N,NO_DATA,NO_DATA,\N,NO_DATA,NO_DATA,NO_DATA,N,N,,BUSINESS,N,N,N,N,N
84160102.8571,NO_DATA,\N,NO_DATA,NO_DATA,\N,NO_DATA,NO_DATA,NO_DATA,N,N,,BUSINESS,N,N,N,N,N
84384231.4286,NO_DATA,\N,NO_DATA,NO_DATA,\N,NO_DATA,NO_DATA,NO_DATA,N,N,,BUSINESS,N,N,N,N,N
84554231.4286,NO_DATA,\N,NO_DATA,NO_DATA,\N,NO_DATA,NO_DATA,NO_DATA,N,N,,BUSINESS,N,N,N,N,N
88499802.8571,NO_DATA,\N,NO_DATA,NO_DATA,\N,NO_DATA,NO_DATA,NO_DATA,N,N,,BUSINESS,N,N,N,N,N
94744388.5714,NO_DATA,\N,NO_DATA,NO_DATA,\N,NO_DATA,NO_DATA,NO_DATA,N,N,,BUSINESS,N,N,N,N,N
97618517.1429,NO_DATA,\N,NO_DATA,NO_DATA,\N,NO_DATA,NO_DATA,NO_DATA,N,N,,BUSINESS,N,N,N,N,N
101752660,NO_DATA,\N,NO_DATA,NO_DATA,\N,NO_DATA,NO_DATA,NO_DATA,N,N,,BUSINESS,N,N,N,N,N
102595660,NO_DATA,\N,NO_DATA,NO_DATA,\N,NO_DATA,NO_DATA,NO_DATA,N,N,,BUSINESS,N,N,N,N,N
103255517.1429,NO_DATA,\N,NO_DATA,NO_DATA,\N,NO_DATA,NO_DATA,NO_DATA,N,N,,BUSINESS,N,N,N,N,N
103882660,NO_DATA,\N,NO_DATA,NO_DATA,\N,NO_DATA,NO_DATA,NO_DATA,N,N,,BUSINESS,N,N,N,N,N
109748374.2857,NO_DATA,\N,NO_DATA,NO_DATA,\N,NO_DATA,NO_DATA,NO_DATA,N,N,,BUSINESS,N,N,N,N,N
117172660,NO_DATA,\N,NO_DATA,NO_DATA,\N,NO_DATA,NO_DATA,NO_DATA,N,N,,BUSINESS,N,N,N,N,N
123050102.8571,NO_DATA,\N,NO_DATA,NO_DATA,\N,NO_DATA,NO_DATA,NO_DATA,N,N,,BUSINESS,N,N,N,N,N
123626802.8571,NO_DATA,\N,NO_DATA,NO_DATA,\N,NO_DATA,NO_DATA,NO_DATA,N,N,,BUSINESS,N,N,N,N,N
125878674.2857,NO_DATA,\N,NO_DATA,NO_DATA,\N,NO_DATA,NO_DATA,NO_DATA,N,N,,BUSINESS,N,N,N,N,N
127005660,NO_DATA,\N,NO_DATA,NO_DATA,\N,NO_DATA,NO_DATA,NO_DATA,N,N,,BUSINESS,N,N,N,N,N
134395517.1429,NO_DATA,\N,NO_DATA,NO_DATA,\N,NO_DATA,NO_DATA,NO_DATA,N,N,,BUSINESS,N,N,N,N,N
138747088.5714,NO_DATA,\N,NO_DATA,NO_DATA,\N,NO_DATA,NO_DATA,NO_DATA,N,N,,BUSINESS,N,N,N,N,N
141825517.1429,NO_DATA,\N,NO_DATA,NO_DATA,\N,NO_DATA,NO_DATA,NO_DATA,N,N,,BUSINESS,N,N,N,N,N
142614088.5714,NO_DATA,\N,NO_DATA,NO_DATA,\N,NO_DATA,NO_DATA,NO_DATA,N,N,,BUSINESS,N,N,N,N,N
